id,items,url,name,pocket
1,guard-spec,https://pokeapi.co/api/v2/item/55/,stat-boosts,battle
1,dire-hit,https://pokeapi.co/api/v2/item/56/,stat-boosts,battle
1,x-attack,https://pokeapi.co/api/v2/item/57/,stat-boosts,battle
1,x-defense,https://pokeapi.co/api/v2/item/58/,stat-boosts,battle
1,x-speed,https://pokeapi.co/api/v2/item/59/,stat-boosts,battle
1,x-accuracy,https://pokeapi.co/api/v2/item/60/,stat-boosts,battle
1,x-sp-atk,https://pokeapi.co/api/v2/item/61/,stat-boosts,battle
1,x-sp-def,https://pokeapi.co/api/v2/item/62/,stat-boosts,battle
2,pomeg-berry,https://pokeapi.co/api/v2/item/146/,effort-drop,berries
2,kelpsy-berry,https://pokeapi.co/api/v2/item/147/,effort-drop,berries
2,qualot-berry,https://pokeapi.co/api/v2/item/148/,effort-drop,berries
2,hondew-berry,https://pokeapi.co/api/v2/item/149/,effort-drop,berries
2,grepa-berry,https://pokeapi.co/api/v2/item/150/,effort-drop,berries
2,tamato-berry,https://pokeapi.co/api/v2/item/151/,effort-drop,berries
3,cheri-berry,https://pokeapi.co/api/v2/item/126/,medicine,berries
3,chesto-berry,https://pokeapi.co/api/v2/item/127/,medicine,berries
3,pecha-berry,https://pokeapi.co/api/v2/item/128/,medicine,berries
3,rawst-berry,https://pokeapi.co/api/v2/item/129/,medicine,berries
3,aspear-berry,https://pokeapi.co/api/v2/item/130/,medicine,berries
3,leppa-berry,https://pokeapi.co/api/v2/item/131/,medicine,berries
3,oran-berry,https://pokeapi.co/api/v2/item/132/,medicine,berries
3,persim-berry,https://pokeapi.co/api/v2/item/133/,medicine,berries
3,lum-berry,https://pokeapi.co/api/v2/item/134/,medicine,berries
3,sitrus-berry,https://pokeapi.co/api/v2/item/135/,medicine,berries
4,enigma-berry,https://pokeapi.co/api/v2/item/185/,other,berries
4,jaboca-berry,https://pokeapi.co/api/v2/item/188/,other,berries
4,rowap-berry,https://pokeapi.co/api/v2/item/189/,other,berries
4,kee-berry,https://pokeapi.co/api/v2/item/724/,other,berries
4,maranga-berry,https://pokeapi.co/api/v2/item/725/,other,berries
5,liechi-berry,https://pokeapi.co/api/v2/item/178/,in-a-pinch,berries
5,ganlon-berry,https://pokeapi.co/api/v2/item/179/,in-a-pinch,berries
5,salac-berry,https://pokeapi.co/api/v2/item/180/,in-a-pinch,berries
5,petaya-berry,https://pokeapi.co/api/v2/item/181/,in-a-pinch,berries
5,apicot-berry,https://pokeapi.co/api/v2/item/182/,in-a-pinch,berries
5,lansat-berry,https://pokeapi.co/api/v2/item/183/,in-a-pinch,berries
5,starf-berry,https://pokeapi.co/api/v2/item/184/,in-a-pinch,berries
5,micle-berry,https://pokeapi.co/api/v2/item/186/,in-a-pinch,berries
5,custap-berry,https://pokeapi.co/api/v2/item/187/,in-a-pinch,berries
6,figy-berry,https://pokeapi.co/api/v2/item/136/,picky-healing,berries
6,wiki-berry,https://pokeapi.co/api/v2/item/137/,picky-healing,berries
6,mago-berry,https://pokeapi.co/api/v2/item/138/,picky-healing,berries
6,aguav-berry,https://pokeapi.co/api/v2/item/139/,picky-healing,berries
6,iapapa-berry,https://pokeapi.co/api/v2/item/140/,picky-healing,berries
7,occa-berry,https://pokeapi.co/api/v2/item/161/,type-protection,berries
7,passho-berry,https://pokeapi.co/api/v2/item/162/,type-protection,berries
7,wacan-berry,https://pokeapi.co/api/v2/item/163/,type-protection,berries
7,rindo-berry,https://pokeapi.co/api/v2/item/164/,type-protection,berries
7,yache-berry,https://pokeapi.co/api/v2/item/165/,type-protection,berries
7,chople-berry,https://pokeapi.co/api/v2/item/166/,type-protection,berries
7,kebia-berry,https://pokeapi.co/api/v2/item/167/,type-protection,berries
7,shuca-berry,https://pokeapi.co/api/v2/item/168/,type-protection,berries
7,coba-berry,https://pokeapi.co/api/v2/item/169/,type-protection,berries
7,payapa-berry,https://pokeapi.co/api/v2/item/170/,type-protection,berries
7,tanga-berry,https://pokeapi.co/api/v2/item/171/,type-protection,berries
7,charti-berry,https://pokeapi.co/api/v2/item/172/,type-protection,berries
7,kasib-berry,https://pokeapi.co/api/v2/item/173/,type-protection,berries
7,haban-berry,https://pokeapi.co/api/v2/item/174/,type-protection,berries
7,colbur-berry,https://pokeapi.co/api/v2/item/175/,type-protection,berries
7,babiri-berry,https://pokeapi.co/api/v2/item/176/,type-protection,berries
7,chilan-berry,https://pokeapi.co/api/v2/item/177/,type-protection,berries
7,roseli-berry,https://pokeapi.co/api/v2/item/723/,type-protection,berries
8,razz-berry,https://pokeapi.co/api/v2/item/141/,baking-only,berries
8,bluk-berry,https://pokeapi.co/api/v2/item/142/,baking-only,berries
8,nanab-berry,https://pokeapi.co/api/v2/item/143/,baking-only,berries
8,wepear-berry,https://pokeapi.co/api/v2/item/144/,baking-only,berries
8,pinap-berry,https://pokeapi.co/api/v2/item/145/,baking-only,berries
8,cornn-berry,https://pokeapi.co/api/v2/item/152/,baking-only,berries
8,magost-berry,https://pokeapi.co/api/v2/item/153/,baking-only,berries
8,rabuta-berry,https://pokeapi.co/api/v2/item/154/,baking-only,berries
8,nomel-berry,https://pokeapi.co/api/v2/item/155/,baking-only,berries
8,spelon-berry,https://pokeapi.co/api/v2/item/156/,baking-only,berries
8,pamtre-berry,https://pokeapi.co/api/v2/item/157/,baking-only,berries
8,watmel-berry,https://pokeapi.co/api/v2/item/158/,baking-only,berries
8,durin-berry,https://pokeapi.co/api/v2/item/159/,baking-only,berries
8,belue-berry,https://pokeapi.co/api/v2/item/160/,baking-only,berries
9,shoal-salt,https://pokeapi.co/api/v2/item/70/,collectibles,misc
9,shoal-shell,https://pokeapi.co/api/v2/item/71/,collectibles,misc
9,red-shard,https://pokeapi.co/api/v2/item/72/,collectibles,misc
9,blue-shard,https://pokeapi.co/api/v2/item/73/,collectibles,misc
9,yellow-shard,https://pokeapi.co/api/v2/item/74/,collectibles,misc
9,green-shard,https://pokeapi.co/api/v2/item/75/,collectibles,misc
9,heart-scale,https://pokeapi.co/api/v2/item/93/,collectibles,misc
10,sun-stone,https://pokeapi.co/api/v2/item/80/,evolution,misc
10,moon-stone,https://pokeapi.co/api/v2/item/81/,evolution,misc
10,fire-stone,https://pokeapi.co/api/v2/item/82/,evolution,misc
10,thunder-stone,https://pokeapi.co/api/v2/item/83/,evolution,misc
10,water-stone,https://pokeapi.co/api/v2/item/84/,evolution,misc
10,leaf-stone,https://pokeapi.co/api/v2/item/85/,evolution,misc
10,shiny-stone,https://pokeapi.co/api/v2/item/107/,evolution,misc
10,dusk-stone,https://pokeapi.co/api/v2/item/108/,evolution,misc
10,dawn-stone,https://pokeapi.co/api/v2/item/109/,evolution,misc
10,oval-stone,https://pokeapi.co/api/v2/item/110/,evolution,misc
10,dragon-scale,https://pokeapi.co/api/v2/item/212/,evolution,misc
10,up-grade,https://pokeapi.co/api/v2/item/229/,evolution,misc
10,protector,https://pokeapi.co/api/v2/item/298/,evolution,misc
10,electirizer,https://pokeapi.co/api/v2/item/299/,evolution,misc
10,magmarizer,https://pokeapi.co/api/v2/item/300/,evolution,misc
10,dubious-disc,https://pokeapi.co/api/v2/item/301/,evolution,misc
10,reaper-cloth,https://pokeapi.co/api/v2/item/302/,evolution,misc
10,prism-scale,https://pokeapi.co/api/v2/item/580/,evolution,misc
10,whipped-dream,https://pokeapi.co/api/v2/item/686/,evolution,misc
10,sachet,https://pokeapi.co/api/v2/item/687/,evolution,misc
10,ice-stone,https://pokeapi.co/api/v2/item/885/,evolution,misc
11,poke-doll,https://pokeapi.co/api/v2/item/63/,spelunking,misc
11,fluffy-tail,https://pokeapi.co/api/v2/item/64/,spelunking,misc
11,black-flute,https://pokeapi.co/api/v2/item/68/,spelunking,misc
11,white-flute,https://pokeapi.co/api/v2/item/69/,spelunking,misc
11,super-repel,https://pokeapi.co/api/v2/item/76/,spelunking,misc
11,max-repel,https://pokeapi.co/api/v2/item/77/,spelunking,misc
11,escape-rope,https://pokeapi.co/api/v2/item/78/,spelunking,misc
11,repel,https://pokeapi.co/api/v2/item/79/,spelunking,misc
11,poke-toy,https://pokeapi.co/api/v2/item/618/,spelunking,misc
12,bright-powder,https://pokeapi.co/api/v2/item/190/,held-items,misc
12,white-herb,https://pokeapi.co/api/v2/item/191/,held-items,misc
12,quick-claw,https://pokeapi.co/api/v2/item/194/,held-items,misc
12,mental-herb,https://pokeapi.co/api/v2/item/196/,held-items,misc
12,kings-rock,https://pokeapi.co/api/v2/item/198/,held-items,misc
12,smoke-ball,https://pokeapi.co/api/v2/item/205/,held-items,misc
12,focus-band,https://pokeapi.co/api/v2/item/207/,held-items,misc
12,scope-lens,https://pokeapi.co/api/v2/item/209/,held-items,misc
12,leftovers,https://pokeapi.co/api/v2/item/211/,held-items,misc
12,shell-bell,https://pokeapi.co/api/v2/item/230/,held-items,misc
12,lax-incense,https://pokeapi.co/api/v2/item/232/,held-items,misc
12,wide-lens,https://pokeapi.co/api/v2/item/242/,held-items,misc
12,muscle-band,https://pokeapi.co/api/v2/item/243/,held-items,misc
12,wise-glasses,https://pokeapi.co/api/v2/item/244/,held-items,misc
12,expert-belt,https://pokeapi.co/api/v2/item/245/,held-items,misc
12,light-clay,https://pokeapi.co/api/v2/item/246/,held-items,misc
12,life-orb,https://pokeapi.co/api/v2/item/247/,held-items,misc
12,power-herb,https://pokeapi.co/api/v2/item/248/,held-items,misc
12,focus-sash,https://pokeapi.co/api/v2/item/252/,held-items,misc
12,zoom-lens,https://pokeapi.co/api/v2/item/253/,held-items,misc
12,metronome,https://pokeapi.co/api/v2/item/254/,held-items,misc
12,destiny-knot,https://pokeapi.co/api/v2/item/257/,held-items,misc
12,black-sludge,https://pokeapi.co/api/v2/item/258/,held-items,misc
12,icy-rock,https://pokeapi.co/api/v2/item/259/,held-items,misc
12,smooth-rock,https://pokeapi.co/api/v2/item/260/,held-items,misc
12,heat-rock,https://pokeapi.co/api/v2/item/261/,held-items,misc
12,damp-rock,https://pokeapi.co/api/v2/item/262/,held-items,misc
12,grip-claw,https://pokeapi.co/api/v2/item/263/,held-items,misc
12,shed-shell,https://pokeapi.co/api/v2/item/272/,held-items,misc
12,big-root,https://pokeapi.co/api/v2/item/273/,held-items,misc
12,razor-claw,https://pokeapi.co/api/v2/item/303/,held-items,misc
12,razor-fang,https://pokeapi.co/api/v2/item/304/,held-items,misc
12,eviolite,https://pokeapi.co/api/v2/item/581/,held-items,misc
12,float-stone,https://pokeapi.co/api/v2/item/582/,held-items,misc
12,rocky-helmet,https://pokeapi.co/api/v2/item/583/,held-items,misc
12,air-balloon,https://pokeapi.co/api/v2/item/584/,held-items,misc
12,red-card,https://pokeapi.co/api/v2/item/585/,held-items,misc
12,ring-target,https://pokeapi.co/api/v2/item/586/,held-items,misc
12,binding-band,https://pokeapi.co/api/v2/item/587/,held-items,misc
12,absorb-bulb,https://pokeapi.co/api/v2/item/588/,held-items,misc
12,cell-battery,https://pokeapi.co/api/v2/item/589/,held-items,misc
12,eject-button,https://pokeapi.co/api/v2/item/590/,held-items,misc
12,pass-orb,https://pokeapi.co/api/v2/item/616/,held-items,misc
12,weakness-policy,https://pokeapi.co/api/v2/item/682/,held-items,misc
12,assault-vest,https://pokeapi.co/api/v2/item/683/,held-items,misc
12,luminous-moss,https://pokeapi.co/api/v2/item/688/,held-items,misc
12,snowball,https://pokeapi.co/api/v2/item/689/,held-items,misc
12,safety-goggles,https://pokeapi.co/api/v2/item/690/,held-items,misc
12,adrenaline-orb,https://pokeapi.co/api/v2/item/883/,held-items,misc
12,terrain-extender,https://pokeapi.co/api/v2/item/896/,held-items,misc
12,protective-pads,https://pokeapi.co/api/v2/item/897/,held-items,misc
12,electric-seed,https://pokeapi.co/api/v2/item/898/,held-items,misc
12,psychic-seed,https://pokeapi.co/api/v2/item/899/,held-items,misc
12,misty-seed,https://pokeapi.co/api/v2/item/900/,held-items,misc
12,grassy-seed,https://pokeapi.co/api/v2/item/901/,held-items,misc
13,choice-band,https://pokeapi.co/api/v2/item/197/,choice,misc
13,choice-scarf,https://pokeapi.co/api/v2/item/264/,choice,misc
13,choice-specs,https://pokeapi.co/api/v2/item/274/,choice,misc
14,macho-brace,https://pokeapi.co/api/v2/item/192/,effort-training,misc
14,power-bracer,https://pokeapi.co/api/v2/item/266/,effort-training,misc
14,power-belt,https://pokeapi.co/api/v2/item/267/,effort-training,misc
14,power-lens,https://pokeapi.co/api/v2/item/268/,effort-training,misc
14,power-band,https://pokeapi.co/api/v2/item/269/,effort-training,misc
14,power-anklet,https://pokeapi.co/api/v2/item/270/,effort-training,misc
14,power-weight,https://pokeapi.co/api/v2/item/271/,effort-training,misc
15,toxic-orb,https://pokeapi.co/api/v2/item/249/,bad-held-items,misc
15,flame-orb,https://pokeapi.co/api/v2/item/250/,bad-held-items,misc
15,iron-ball,https://pokeapi.co/api/v2/item/255/,bad-held-items,misc
15,lagging-tail,https://pokeapi.co/api/v2/item/256/,bad-held-items,misc
15,sticky-barb,https://pokeapi.co/api/v2/item/265/,bad-held-items,misc
15,full-incense,https://pokeapi.co/api/v2/item/293/,bad-held-items,misc
16,exp-share,https://pokeapi.co/api/v2/item/193/,training,misc
16,soothe-bell,https://pokeapi.co/api/v2/item/195/,training,misc
16,amulet-coin,https://pokeapi.co/api/v2/item/200/,training,misc
16,cleanse-tag,https://pokeapi.co/api/v2/item/201/,training,misc
16,everstone,https://pokeapi.co/api/v2/item/206/,training,misc
16,lucky-egg,https://pokeapi.co/api/v2/item/208/,training,misc
16,luck-incense,https://pokeapi.co/api/v2/item/296/,training,misc
16,pure-incense,https://pokeapi.co/api/v2/item/297/,training,misc
17,flame-plate,https://pokeapi.co/api/v2/item/275/,plates,misc
17,splash-plate,https://pokeapi.co/api/v2/item/276/,plates,misc
17,zap-plate,https://pokeapi.co/api/v2/item/277/,plates,misc
17,meadow-plate,https://pokeapi.co/api/v2/item/278/,plates,misc
17,icicle-plate,https://pokeapi.co/api/v2/item/279/,plates,misc
17,fist-plate,https://pokeapi.co/api/v2/item/280/,plates,misc
17,toxic-plate,https://pokeapi.co/api/v2/item/281/,plates,misc
17,earth-plate,https://pokeapi.co/api/v2/item/282/,plates,misc
17,sky-plate,https://pokeapi.co/api/v2/item/283/,plates,misc
17,mind-plate,https://pokeapi.co/api/v2/item/284/,plates,misc
17,insect-plate,https://pokeapi.co/api/v2/item/285/,plates,misc
17,stone-plate,https://pokeapi.co/api/v2/item/286/,plates,misc
17,spooky-plate,https://pokeapi.co/api/v2/item/287/,plates,misc
17,draco-plate,https://pokeapi.co/api/v2/item/288/,plates,misc
17,dread-plate,https://pokeapi.co/api/v2/item/289/,plates,misc
17,iron-plate,https://pokeapi.co/api/v2/item/290/,plates,misc
17,pixie-plate,https://pokeapi.co/api/v2/item/684/,plates,misc
18,adamant-orb,https://pokeapi.co/api/v2/item/112/,species-specific,misc
18,lustrous-orb,https://pokeapi.co/api/v2/item/113/,species-specific,misc
18,soul-dew,https://pokeapi.co/api/v2/item/202/,species-specific,misc
18,deep-sea-tooth,https://pokeapi.co/api/v2/item/203/,species-specific,misc
18,deep-sea-scale,https://pokeapi.co/api/v2/item/204/,species-specific,misc
18,light-ball,https://pokeapi.co/api/v2/item/213/,species-specific,misc
18,lucky-punch,https://pokeapi.co/api/v2/item/233/,species-specific,misc
18,metal-powder,https://pokeapi.co/api/v2/item/234/,species-specific,misc
18,thick-club,https://pokeapi.co/api/v2/item/235/,species-specific,misc
18,stick,https://pokeapi.co/api/v2/item/236/,species-specific,misc
18,quick-powder,https://pokeapi.co/api/v2/item/251/,species-specific,misc
18,griseous-orb,https://pokeapi.co/api/v2/item/442/,species-specific,misc
18,douse-drive,https://pokeapi.co/api/v2/item/563/,species-specific,misc
18,shock-drive,https://pokeapi.co/api/v2/item/564/,species-specific,misc
18,burn-drive,https://pokeapi.co/api/v2/item/565/,species-specific,misc
18,chill-drive,https://pokeapi.co/api/v2/item/566/,species-specific,misc
18,red-nectar,https://pokeapi.co/api/v2/item/889/,species-specific,misc
18,yellow-nectar,https://pokeapi.co/api/v2/item/890/,species-specific,misc
18,pink-nectar,https://pokeapi.co/api/v2/item/891/,species-specific,misc
18,purple-nectar,https://pokeapi.co/api/v2/item/892/,species-specific,misc
19,silver-powder,https://pokeapi.co/api/v2/item/199/,type-enhancement,misc
19,metal-coat,https://pokeapi.co/api/v2/item/210/,type-enhancement,misc
19,soft-sand,https://pokeapi.co/api/v2/item/214/,type-enhancement,misc
19,hard-stone,https://pokeapi.co/api/v2/item/215/,type-enhancement,misc
19,miracle-seed,https://pokeapi.co/api/v2/item/216/,type-enhancement,misc
19,black-glasses,https://pokeapi.co/api/v2/item/217/,type-enhancement,misc
19,black-belt,https://pokeapi.co/api/v2/item/218/,type-enhancement,misc
19,magnet,https://pokeapi.co/api/v2/item/219/,type-enhancement,misc
19,mystic-water,https://pokeapi.co/api/v2/item/220/,type-enhancement,misc
19,sharp-beak,https://pokeapi.co/api/v2/item/221/,type-enhancement,misc
19,poison-barb,https://pokeapi.co/api/v2/item/222/,type-enhancement,misc
19,never-melt-ice,https://pokeapi.co/api/v2/item/223/,type-enhancement,misc
19,spell-tag,https://pokeapi.co/api/v2/item/224/,type-enhancement,misc
19,twisted-spoon,https://pokeapi.co/api/v2/item/225/,type-enhancement,misc
19,charcoal,https://pokeapi.co/api/v2/item/226/,type-enhancement,misc
19,dragon-fang,https://pokeapi.co/api/v2/item/227/,type-enhancement,misc
19,silk-scarf,https://pokeapi.co/api/v2/item/228/,type-enhancement,misc
19,sea-incense,https://pokeapi.co/api/v2/item/231/,type-enhancement,misc
19,odd-incense,https://pokeapi.co/api/v2/item/291/,type-enhancement,misc
19,rock-incense,https://pokeapi.co/api/v2/item/292/,type-enhancement,misc
19,wave-incense,https://pokeapi.co/api/v2/item/294/,type-enhancement,misc
19,rose-incense,https://pokeapi.co/api/v2/item/295/,type-enhancement,misc
20,suite-key,https://pokeapi.co/api/v2/item/428/,event-items,key
20,oaks-letter,https://pokeapi.co/api/v2/item/429/,event-items,key
20,lunar-wing,https://pokeapi.co/api/v2/item/430/,event-items,key
20,member-card,https://pokeapi.co/api/v2/item/431/,event-items,key
20,azure-flute,https://pokeapi.co/api/v2/item/432/,event-items,key
20,gracidea,https://pokeapi.co/api/v2/item/444/,event-items,key
20,secret-key,https://pokeapi.co/api/v2/item/445/,event-items,key
20,enigma-stone,https://pokeapi.co/api/v2/item/470/,event-items,key
20,eon-ticket,https://pokeapi.co/api/v2/item/534/,event-items,key
20,mysticticket,https://pokeapi.co/api/v2/item/556/,event-items,key
20,auroraticket,https://pokeapi.co/api/v2/item/557/,event-items,key
20,old-sea-map,https://pokeapi.co/api/v2/item/562/,event-items,key
20,liberty-pass,https://pokeapi.co/api/v2/item/615/,event-items,key
21,explorer-kit,https://pokeapi.co/api/v2/item/405/,gameplay,key
21,poke-radar,https://pokeapi.co/api/v2/item/408/,gameplay,key
21,point-card,https://pokeapi.co/api/v2/item/409/,gameplay,key
21,journal,https://pokeapi.co/api/v2/item/410/,gameplay,key
21,seal-case,https://pokeapi.co/api/v2/item/411/,gameplay,key
21,fashion-case,https://pokeapi.co/api/v2/item/412/,gameplay,key
21,pal-pad,https://pokeapi.co/api/v2/item/414/,gameplay,key
21,town-map,https://pokeapi.co/api/v2/item/419/,gameplay,key
21,vs-seeker,https://pokeapi.co/api/v2/item/420/,gameplay,key
21,coin-case,https://pokeapi.co/api/v2/item/421/,gameplay,key
21,old-rod,https://pokeapi.co/api/v2/item/422/,gameplay,key
21,good-rod,https://pokeapi.co/api/v2/item/423/,gameplay,key
21,super-rod,https://pokeapi.co/api/v2/item/424/,gameplay,key
21,sprayduck,https://pokeapi.co/api/v2/item/425/,gameplay,key
21,poffin-case,https://pokeapi.co/api/v2/item/426/,gameplay,key
21,bicycle,https://pokeapi.co/api/v2/item/427/,gameplay,key
21,contest-pass,https://pokeapi.co/api/v2/item/434/,gameplay,key
21,vs-recorder,https://pokeapi.co/api/v2/item/443/,gameplay,key
21,apricorn-box,https://pokeapi.co/api/v2/item/446/,gameplay,key
21,berry-pots,https://pokeapi.co/api/v2/item/447/,gameplay,key
21,dowsing-machine,https://pokeapi.co/api/v2/item/465/,gameplay,key
21,rage-candy-bar,https://pokeapi.co/api/v2/item/466/,gameplay,key
21,unown-report,https://pokeapi.co/api/v2/item/471/,gameplay,key
21,blue-card,https://pokeapi.co/api/v2/item/472/,gameplay,key
21,gb-sounds,https://pokeapi.co/api/v2/item/484/,gameplay,key
21,mach-bike,https://pokeapi.co/api/v2/item/527/,gameplay,key
21,acro-bike,https://pokeapi.co/api/v2/item/528/,gameplay,key
21,wailmer-pail,https://pokeapi.co/api/v2/item/529/,gameplay,key
21,soot-sack,https://pokeapi.co/api/v2/item/531/,gameplay,key
21,pokeblock-case,https://pokeapi.co/api/v2/item/532/,gameplay,key
21,go-goggles,https://pokeapi.co/api/v2/item/536/,gameplay,key
21,devon-scope,https://pokeapi.co/api/v2/item/542/,gameplay,key
21,fame-checker,https://pokeapi.co/api/v2/item/549/,gameplay,key
21,tm-case,https://pokeapi.co/api/v2/item/550/,gameplay,key
21,berry-pouch,https://pokeapi.co/api/v2/item/551/,gameplay,key
21,teachy-tv,https://pokeapi.co/api/v2/item/552/,gameplay,key
21,powder-jar,https://pokeapi.co/api/v2/item/558/,gameplay,key
21,prop-case,https://pokeapi.co/api/v2/item/619/,gameplay,key
21,xtransceiver,https://pokeapi.co/api/v2/item/662/,gameplay,key
21,medal-box,https://pokeapi.co/api/v2/item/670/,gameplay,key
21,dna-splicers,https://pokeapi.co/api/v2/item/671/,gameplay,key
21,permit,https://pokeapi.co/api/v2/item/673/,gameplay,key
21,oval-charm,https://pokeapi.co/api/v2/item/674/,gameplay,key
21,shiny-charm,https://pokeapi.co/api/v2/item/675/,gameplay,key
21,reveal-glass,https://pokeapi.co/api/v2/item/681/,gameplay,key
21,adventure-rules,https://pokeapi.co/api/v2/item/732/,gameplay,key
21,holo-caster,https://pokeapi.co/api/v2/item/734/,gameplay,key
21,lens-case,https://pokeapi.co/api/v2/item/737/,gameplay,key
21,mega-ring,https://pokeapi.co/api/v2/item/739/,gameplay,key
21,roller-skates,https://pokeapi.co/api/v2/item/742/,gameplay,key
21,sprinklotad,https://pokeapi.co/api/v2/item/743/,gameplay,key
21,tmv-pass,https://pokeapi.co/api/v2/item/744/,gameplay,key
21,makeup-bag,https://pokeapi.co/api/v2/item/763/,gameplay,key
21,pokeblock-kit,https://pokeapi.co/api/v2/item/772/,gameplay,key
21,contest-costume--jacket,https://pokeapi.co/api/v2/item/780/,gameplay,key
21,mega-bracelet,https://pokeapi.co/api/v2/item/785/,gameplay,key
21,prison-bottle,https://pokeapi.co/api/v2/item/806/,gameplay,key
21,key-stone,https://pokeapi.co/api/v2/item/814/,gameplay,key
21,eon-flute,https://pokeapi.co/api/v2/item/816/,gameplay,key
21,z-ring,https://pokeapi.co/api/v2/item/838/,gameplay,key
21,forage-bag,https://pokeapi.co/api/v2/item/878/,gameplay,key
21,fishing-rod,https://pokeapi.co/api/v2/item/879/,gameplay,key
21,festival-ticket,https://pokeapi.co/api/v2/item/881/,gameplay,key
21,zygarde-cube,https://pokeapi.co/api/v2/item/884/,gameplay,key
22,works-key,https://pokeapi.co/api/v2/item/415/,plot-advancement,key
22,old-charm,https://pokeapi.co/api/v2/item/416/,plot-advancement,key
22,galactic-key,https://pokeapi.co/api/v2/item/417/,plot-advancement,key
22,ss-ticket,https://pokeapi.co/api/v2/item/433/,plot-advancement,key
22,magma-stone,https://pokeapi.co/api/v2/item/435/,plot-advancement,key
22,parcel,https://pokeapi.co/api/v2/item/436/,plot-advancement,key
22,coupon-1,https://pokeapi.co/api/v2/item/437/,plot-advancement,key
22,coupon-2,https://pokeapi.co/api/v2/item/438/,plot-advancement,key
22,coupon-3,https://pokeapi.co/api/v2/item/439/,plot-advancement,key
22,storage-key,https://pokeapi.co/api/v2/item/440/,plot-advancement,key
22,secret-potion,https://pokeapi.co/api/v2/item/441/,plot-advancement,key
22,squirt-bottle,https://pokeapi.co/api/v2/item/448/,plot-advancement,key
22,red-orb,https://pokeapi.co/api/v2/item/467/,plot-advancement,key
22,blue-orb,https://pokeapi.co/api/v2/item/468/,plot-advancement,key
22,jade-orb,https://pokeapi.co/api/v2/item/469/,plot-advancement,key
22,clear-bell,https://pokeapi.co/api/v2/item/474/,plot-advancement,key
22,card-key,https://pokeapi.co/api/v2/item/475/,plot-advancement,key
22,basement-key,https://pokeapi.co/api/v2/item/476/,plot-advancement,key
22,red-scale,https://pokeapi.co/api/v2/item/477/,plot-advancement,key
22,lost-item,https://pokeapi.co/api/v2/item/478/,plot-advancement,key
22,pass,https://pokeapi.co/api/v2/item/479/,plot-advancement,key
22,machine-part,https://pokeapi.co/api/v2/item/480/,plot-advancement,key
22,silver-wing,https://pokeapi.co/api/v2/item/481/,plot-advancement,key
22,rainbow-wing,https://pokeapi.co/api/v2/item/482/,plot-advancement,key
22,mystery-egg,https://pokeapi.co/api/v2/item/483/,plot-advancement,key
22,tidal-bell,https://pokeapi.co/api/v2/item/485/,plot-advancement,key
22,devon-goods,https://pokeapi.co/api/v2/item/530/,plot-advancement,key
22,letter,https://pokeapi.co/api/v2/item/533/,plot-advancement,key
22,scanner,https://pokeapi.co/api/v2/item/535/,plot-advancement,key
22,meteorite,https://pokeapi.co/api/v2/item/537/,plot-advancement,key
22,rm-1-key,https://pokeapi.co/api/v2/item/538/,plot-advancement,key
22,rm-2-key,https://pokeapi.co/api/v2/item/539/,plot-advancement,key
22,rm-4-key,https://pokeapi.co/api/v2/item/540/,plot-advancement,key
22,rm-6-key,https://pokeapi.co/api/v2/item/541/,plot-advancement,key
22,oaks-parcel,https://pokeapi.co/api/v2/item/543/,plot-advancement,key
22,poke-flute,https://pokeapi.co/api/v2/item/544/,plot-advancement,key
22,bike-voucher,https://pokeapi.co/api/v2/item/545/,plot-advancement,key
22,gold-teeth,https://pokeapi.co/api/v2/item/546/,plot-advancement,key
22,lift-key,https://pokeapi.co/api/v2/item/547/,plot-advancement,key
22,silph-scope,https://pokeapi.co/api/v2/item/548/,plot-advancement,key
22,tri-pass,https://pokeapi.co/api/v2/item/553/,plot-advancement,key
22,rainbow-pass,https://pokeapi.co/api/v2/item/554/,plot-advancement,key
22,tea,https://pokeapi.co/api/v2/item/555/,plot-advancement,key
22,ruby,https://pokeapi.co/api/v2/item/559/,plot-advancement,key
22,sapphire,https://pokeapi.co/api/v2/item/560/,plot-advancement,key
22,magma-emblem,https://pokeapi.co/api/v2/item/561/,plot-advancement,key
22,dragon-skull,https://pokeapi.co/api/v2/item/620/,plot-advancement,key
22,light-stone,https://pokeapi.co/api/v2/item/657/,plot-advancement,key
22,dark-stone,https://pokeapi.co/api/v2/item/658/,plot-advancement,key
22,gram-1,https://pokeapi.co/api/v2/item/664/,plot-advancement,key
22,gram-2,https://pokeapi.co/api/v2/item/665/,plot-advancement,key
22,gram-3,https://pokeapi.co/api/v2/item/666/,plot-advancement,key
22,plasma-card,https://pokeapi.co/api/v2/item/676/,plot-advancement,key
22,grubby-hanky,https://pokeapi.co/api/v2/item/677/,plot-advancement,key
22,colress-machine,https://pokeapi.co/api/v2/item/678/,plot-advancement,key
22,dropped-item,https://pokeapi.co/api/v2/item/679/,plot-advancement,key
22,elevator-key,https://pokeapi.co/api/v2/item/733/,plot-advancement,key
22,honor-of-kalos,https://pokeapi.co/api/v2/item/735/,plot-advancement,key
22,intriguing-stone,https://pokeapi.co/api/v2/item/736/,plot-advancement,key
22,looker-ticket,https://pokeapi.co/api/v2/item/738/,plot-advancement,key
22,power-plant-pass,https://pokeapi.co/api/v2/item/740/,plot-advancement,key
22,profs-letter,https://pokeapi.co/api/v2/item/741/,plot-advancement,key
22,devon-parts,https://pokeapi.co/api/v2/item/770/,plot-advancement,key
22,key-to-room-1,https://pokeapi.co/api/v2/item/773/,plot-advancement,key
22,key-to-room-2,https://pokeapi.co/api/v2/item/774/,plot-advancement,key
22,key-to-room-4,https://pokeapi.co/api/v2/item/775/,plot-advancement,key
22,key-to-room-6,https://pokeapi.co/api/v2/item/776/,plot-advancement,key
22,devon-scuba-gear,https://pokeapi.co/api/v2/item/779/,plot-advancement,key
22,magma-suit,https://pokeapi.co/api/v2/item/782/,plot-advancement,key
22,aqua-suit,https://pokeapi.co/api/v2/item/783/,plot-advancement,key
22,pair-of-tickets,https://pokeapi.co/api/v2/item/784/,plot-advancement,key
22,meteorite-shard,https://pokeapi.co/api/v2/item/815/,plot-advancement,key
22,professors-mask,https://pokeapi.co/api/v2/item/880/,plot-advancement,key
22,sparkling-stone,https://pokeapi.co/api/v2/item/882/,plot-advancement,key
22,sun-flute,https://pokeapi.co/api/v2/item/893/,plot-advancement,key
22,moon-flute,https://pokeapi.co/api/v2/item/894/,plot-advancement,key
22,enigmatic-card,https://pokeapi.co/api/v2/item/895/,plot-advancement,key
23,loot-sack,https://pokeapi.co/api/v2/item/406/,unused,key
23,rule-book,https://pokeapi.co/api/v2/item/407/,unused,key
23,seal-bag,https://pokeapi.co/api/v2/item/413/,unused,key
23,red-chain,https://pokeapi.co/api/v2/item/418/,unused,key
23,slowpoke-tail,https://pokeapi.co/api/v2/item/473/,unused,key
23,lock-capsule,https://pokeapi.co/api/v2/item/513/,unused,key
23,photo-album,https://pokeapi.co/api/v2/item/514/,unused,key
23,god-stone,https://pokeapi.co/api/v2/item/663/,unused,key
23,common-stone,https://pokeapi.co/api/v2/item/762/,unused,key
23,travel-trunk,https://pokeapi.co/api/v2/item/764/,unused,key
23,mega-charm,https://pokeapi.co/api/v2/item/768/,unused,key
23,mega-glove,https://pokeapi.co/api/v2/item/769/,unused,key
23,mega-pendant,https://pokeapi.co/api/v2/item/786/,unused,key
23,mega-glasses,https://pokeapi.co/api/v2/item/787/,unused,key
23,mega-anchor,https://pokeapi.co/api/v2/item/788/,unused,key
23,mega-stickpin,https://pokeapi.co/api/v2/item/789/,unused,key
23,mega-tiara,https://pokeapi.co/api/v2/item/790/,unused,key
23,mega-anklet,https://pokeapi.co/api/v2/item/791/,unused,key
23,mega-cuff,https://pokeapi.co/api/v2/item/807/,unused,key
23,ride-pager,https://pokeapi.co/api/v2/item/886/,unused,key
23,bike--green,https://pokeapi.co/api/v2/item/919/,unused,key
23,storage-key--galactic-warehouse,https://pokeapi.co/api/v2/item/920/,unused,key
23,basement-key--goldenrod,https://pokeapi.co/api/v2/item/921/,unused,key
23,xtranceiver--red,https://pokeapi.co/api/v2/item/922/,unused,key
23,xtranceiver--yellow,https://pokeapi.co/api/v2/item/923/,unused,key
23,dna-splicers--merge,https://pokeapi.co/api/v2/item/924/,unused,key
23,dna-splicers--split,https://pokeapi.co/api/v2/item/925/,unused,key
23,dropped-item--red,https://pokeapi.co/api/v2/item/926/,unused,key
23,dropped-item--yellow,https://pokeapi.co/api/v2/item/927/,unused,key
23,holo-caster--green,https://pokeapi.co/api/v2/item/928/,unused,key
23,bike--yellow,https://pokeapi.co/api/v2/item/929/,unused,key
23,holo-caster--red,https://pokeapi.co/api/v2/item/930/,unused,key
23,basement-key--new-mauville,https://pokeapi.co/api/v2/item/931/,unused,key
23,storage-key--sea-mauville,https://pokeapi.co/api/v2/item/932/,unused,key
23,ss-ticket--hoenn,https://pokeapi.co/api/v2/item/933/,unused,key
23,contest-costume--dress,https://pokeapi.co/api/v2/item/934/,unused,key
23,meteorite--2,https://pokeapi.co/api/v2/item/935/,unused,key
23,meteorite--3,https://pokeapi.co/api/v2/item/936/,unused,key
23,meteorite--4,https://pokeapi.co/api/v2/item/937/,unused,key
23,normalium-z--bag,https://pokeapi.co/api/v2/item/938/,unused,key
23,firium-z--bag,https://pokeapi.co/api/v2/item/939/,unused,key
23,waterium-z--bag,https://pokeapi.co/api/v2/item/940/,unused,key
23,electrium-z--bag,https://pokeapi.co/api/v2/item/941/,unused,key
23,grassium-z--bag,https://pokeapi.co/api/v2/item/942/,unused,key
23,icium-z--bag,https://pokeapi.co/api/v2/item/943/,unused,key
23,fightinium-z--bag,https://pokeapi.co/api/v2/item/944/,unused,key
23,poisonium-z--bag,https://pokeapi.co/api/v2/item/945/,unused,key
23,groundium-z--bag,https://pokeapi.co/api/v2/item/946/,unused,key
23,flyinium-z--bag,https://pokeapi.co/api/v2/item/947/,unused,key
23,psychium-z--bag,https://pokeapi.co/api/v2/item/948/,unused,key
23,buginium-z--bag,https://pokeapi.co/api/v2/item/949/,unused,key
23,rockium-z--bag,https://pokeapi.co/api/v2/item/950/,unused,key
23,ghostium-z--bag,https://pokeapi.co/api/v2/item/951/,unused,key
23,dragonium-z--bag,https://pokeapi.co/api/v2/item/952/,unused,key
23,darkinium-z--bag,https://pokeapi.co/api/v2/item/953/,unused,key
23,steelium-z--bag,https://pokeapi.co/api/v2/item/954/,unused,key
23,fairium-z--bag,https://pokeapi.co/api/v2/item/955/,unused,key
23,pikanium-z--bag,https://pokeapi.co/api/v2/item/956/,unused,key
23,decidium-z--bag,https://pokeapi.co/api/v2/item/957/,unused,key
23,incinium-z--bag,https://pokeapi.co/api/v2/item/958/,unused,key
23,primarium-z--bag,https://pokeapi.co/api/v2/item/959/,unused,key
23,tapunium-z--bag,https://pokeapi.co/api/v2/item/960/,unused,key
23,marshadium-z--bag,https://pokeapi.co/api/v2/item/961/,unused,key
23,aloraichium-z--bag,https://pokeapi.co/api/v2/item/962/,unused,key
23,snorlium-z--bag,https://pokeapi.co/api/v2/item/963/,unused,key
23,eevium-z--bag,https://pokeapi.co/api/v2/item/964/,unused,key
23,mewnium-z--bag,https://pokeapi.co/api/v2/item/965/,unused,key
23,pikashunium-z--bag,https://pokeapi.co/api/v2/item/966/,unused,key
23,solganium-z--held,https://pokeapi.co/api/v2/item/967/,unused,key
23,lunalium-z--held,https://pokeapi.co/api/v2/item/968/,unused,key
23,ultranecrozium-z--held,https://pokeapi.co/api/v2/item/969/,unused,key
23,mimikium-z--held,https://pokeapi.co/api/v2/item/970/,unused,key
23,lycanium-z--held,https://pokeapi.co/api/v2/item/971/,unused,key
23,kommonium-z--held,https://pokeapi.co/api/v2/item/972/,unused,key
23,solganium-z--bag,https://pokeapi.co/api/v2/item/973/,unused,key
23,lunalium-z--bag,https://pokeapi.co/api/v2/item/974/,unused,key
23,ultranecrozium-z--bag,https://pokeapi.co/api/v2/item/975/,unused,key
23,mimikium-z--bag,https://pokeapi.co/api/v2/item/976/,unused,key
23,lycanium-z--bag,https://pokeapi.co/api/v2/item/977/,unused,key
23,kommonium-z--bag,https://pokeapi.co/api/v2/item/978/,unused,key
23,z-power-ring,https://pokeapi.co/api/v2/item/979/,unused,key
23,pink-petal,https://pokeapi.co/api/v2/item/980/,unused,key
23,orange-petal,https://pokeapi.co/api/v2/item/981/,unused,key
23,blue-petal,https://pokeapi.co/api/v2/item/982/,unused,key
23,red-petal,https://pokeapi.co/api/v2/item/983/,unused,key
23,green-petal,https://pokeapi.co/api/v2/item/984/,unused,key
23,yellow-petal,https://pokeapi.co/api/v2/item/985/,unused,key
23,purple-petal,https://pokeapi.co/api/v2/item/986/,unused,key
23,rainbow-flower,https://pokeapi.co/api/v2/item/987/,unused,key
23,surge-badge,https://pokeapi.co/api/v2/item/988/,unused,key
23,n-solarizer--merge,https://pokeapi.co/api/v2/item/989/,unused,key
23,n-lunarizer--merge,https://pokeapi.co/api/v2/item/990/,unused,key
23,n-solarizer--split,https://pokeapi.co/api/v2/item/991/,unused,key
23,n-lunarizer--split,https://pokeapi.co/api/v2/item/992/,unused,key
23,ilimas-normalium-z,https://pokeapi.co/api/v2/item/993/,unused,key
23,left-poke-ball,https://pokeapi.co/api/v2/item/994/,unused,key
23,roto-hatch,https://pokeapi.co/api/v2/item/995/,unused,key
23,roto-bargain,https://pokeapi.co/api/v2/item/996/,unused,key
23,roto-prize-money,https://pokeapi.co/api/v2/item/997/,unused,key
23,roto-exp-points,https://pokeapi.co/api/v2/item/998/,unused,key
23,roto-friendship,https://pokeapi.co/api/v2/item/999/,unused,key
23,roto-encounter,https://pokeapi.co/api/v2/item/1000/,unused,key
23,roto-stealth,https://pokeapi.co/api/v2/item/1001/,unused,key
23,roto-hp-restore,https://pokeapi.co/api/v2/item/1002/,unused,key
23,roto-pp-restore,https://pokeapi.co/api/v2/item/1003/,unused,key
23,roto-boost,https://pokeapi.co/api/v2/item/1004/,unused,key
23,roto-catch,https://pokeapi.co/api/v2/item/1005/,unused,key
24,tiny-mushroom,https://pokeapi.co/api/v2/item/86/,loot,misc
24,big-mushroom,https://pokeapi.co/api/v2/item/87/,loot,misc
24,pearl,https://pokeapi.co/api/v2/item/88/,loot,misc
24,big-pearl,https://pokeapi.co/api/v2/item/89/,loot,misc
24,stardust,https://pokeapi.co/api/v2/item/90/,loot,misc
24,star-piece,https://pokeapi.co/api/v2/item/91/,loot,misc
24,nugget,https://pokeapi.co/api/v2/item/92/,loot,misc
24,rare-bone,https://pokeapi.co/api/v2/item/106/,loot,misc
24,pretty-wing,https://pokeapi.co/api/v2/item/612/,loot,misc
24,balm-mushroom,https://pokeapi.co/api/v2/item/621/,loot,misc
24,big-nugget,https://pokeapi.co/api/v2/item/622/,loot,misc
24,pearl-string,https://pokeapi.co/api/v2/item/623/,loot,misc
24,comet-shard,https://pokeapi.co/api/v2/item/624/,loot,misc
24,relic-copper,https://pokeapi.co/api/v2/item/625/,loot,misc
24,relic-silver,https://pokeapi.co/api/v2/item/626/,loot,misc
24,relic-gold,https://pokeapi.co/api/v2/item/627/,loot,misc
24,relic-vase,https://pokeapi.co/api/v2/item/628/,loot,misc
24,relic-band,https://pokeapi.co/api/v2/item/629/,loot,misc
24,relic-statue,https://pokeapi.co/api/v2/item/630/,loot,misc
24,relic-crown,https://pokeapi.co/api/v2/item/631/,loot,misc
24,discount-coupon,https://pokeapi.co/api/v2/item/726/,loot,misc
24,strange-souvenir,https://pokeapi.co/api/v2/item/727/,loot,misc
24,bottle-cap,https://pokeapi.co/api/v2/item/836/,loot,misc
24,gold-bottle-cap,https://pokeapi.co/api/v2/item/837/,loot,misc
25,grass-mail,https://pokeapi.co/api/v2/item/114/,all-mail,mail
25,flame-mail,https://pokeapi.co/api/v2/item/115/,all-mail,mail
25,bubble-mail,https://pokeapi.co/api/v2/item/116/,all-mail,mail
25,bloom-mail,https://pokeapi.co/api/v2/item/117/,all-mail,mail
25,tunnel-mail,https://pokeapi.co/api/v2/item/118/,all-mail,mail
25,steel-mail,https://pokeapi.co/api/v2/item/119/,all-mail,mail
25,heart-mail,https://pokeapi.co/api/v2/item/120/,all-mail,mail
25,snow-mail,https://pokeapi.co/api/v2/item/121/,all-mail,mail
25,space-mail,https://pokeapi.co/api/v2/item/122/,all-mail,mail
25,air-mail,https://pokeapi.co/api/v2/item/123/,all-mail,mail
25,mosaic-mail,https://pokeapi.co/api/v2/item/124/,all-mail,mail
25,brick-mail,https://pokeapi.co/api/v2/item/125/,all-mail,mail
25,orange-mail,https://pokeapi.co/api/v2/item/515/,all-mail,mail
25,harbor-mail,https://pokeapi.co/api/v2/item/516/,all-mail,mail
25,glitter-mail,https://pokeapi.co/api/v2/item/517/,all-mail,mail
25,mech-mail,https://pokeapi.co/api/v2/item/518/,all-mail,mail
25,wood-mail,https://pokeapi.co/api/v2/item/519/,all-mail,mail
25,wave-mail,https://pokeapi.co/api/v2/item/520/,all-mail,mail
25,bead-mail,https://pokeapi.co/api/v2/item/521/,all-mail,mail
25,shadow-mail,https://pokeapi.co/api/v2/item/522/,all-mail,mail
25,tropic-mail,https://pokeapi.co/api/v2/item/523/,all-mail,mail
25,dream-mail,https://pokeapi.co/api/v2/item/524/,all-mail,mail
25,fab-mail,https://pokeapi.co/api/v2/item/525/,all-mail,mail
25,retro-mail,https://pokeapi.co/api/v2/item/526/,all-mail,mail
25,greet-mail,https://pokeapi.co/api/v2/item/568/,all-mail,mail
25,favored-mail,https://pokeapi.co/api/v2/item/569/,all-mail,mail
25,rsvp-mail,https://pokeapi.co/api/v2/item/570/,all-mail,mail
25,thanks-mail,https://pokeapi.co/api/v2/item/571/,all-mail,mail
25,inquiry-mail,https://pokeapi.co/api/v2/item/572/,all-mail,mail
25,like-mail,https://pokeapi.co/api/v2/item/573/,all-mail,mail
25,reply-mail,https://pokeapi.co/api/v2/item/574/,all-mail,mail
25,bridge-mail-s,https://pokeapi.co/api/v2/item/575/,all-mail,mail
25,bridge-mail-d,https://pokeapi.co/api/v2/item/576/,all-mail,mail
25,bridge-mail-t,https://pokeapi.co/api/v2/item/577/,all-mail,mail
25,bridge-mail-v,https://pokeapi.co/api/v2/item/578/,all-mail,mail
25,bridge-mail-m,https://pokeapi.co/api/v2/item/579/,all-mail,mail
26,hp-up,https://pokeapi.co/api/v2/item/45/,vitamins,medicine
26,protein,https://pokeapi.co/api/v2/item/46/,vitamins,medicine
26,iron,https://pokeapi.co/api/v2/item/47/,vitamins,medicine
26,carbos,https://pokeapi.co/api/v2/item/48/,vitamins,medicine
26,calcium,https://pokeapi.co/api/v2/item/49/,vitamins,medicine
26,rare-candy,https://pokeapi.co/api/v2/item/50/,vitamins,medicine
26,pp-up,https://pokeapi.co/api/v2/item/51/,vitamins,medicine
26,zinc,https://pokeapi.co/api/v2/item/52/,vitamins,medicine
26,pp-max,https://pokeapi.co/api/v2/item/53/,vitamins,medicine
26,health-wing,https://pokeapi.co/api/v2/item/606/,vitamins,medicine
26,muscle-wing,https://pokeapi.co/api/v2/item/607/,vitamins,medicine
26,resist-wing,https://pokeapi.co/api/v2/item/608/,vitamins,medicine
26,genius-wing,https://pokeapi.co/api/v2/item/609/,vitamins,medicine
26,clever-wing,https://pokeapi.co/api/v2/item/610/,vitamins,medicine
26,swift-wing,https://pokeapi.co/api/v2/item/611/,vitamins,medicine
26,ability-capsule,https://pokeapi.co/api/v2/item/685/,vitamins,medicine
27,potion,https://pokeapi.co/api/v2/item/17/,healing,medicine
27,full-restore,https://pokeapi.co/api/v2/item/23/,healing,medicine
27,max-potion,https://pokeapi.co/api/v2/item/24/,healing,medicine
27,hyper-potion,https://pokeapi.co/api/v2/item/25/,healing,medicine
27,super-potion,https://pokeapi.co/api/v2/item/26/,healing,medicine
27,fresh-water,https://pokeapi.co/api/v2/item/30/,healing,medicine
27,soda-pop,https://pokeapi.co/api/v2/item/31/,healing,medicine
27,lemonade,https://pokeapi.co/api/v2/item/32/,healing,medicine
27,moomoo-milk,https://pokeapi.co/api/v2/item/33/,healing,medicine
27,energy-powder,https://pokeapi.co/api/v2/item/34/,healing,medicine
27,energy-root,https://pokeapi.co/api/v2/item/35/,healing,medicine
27,berry-juice,https://pokeapi.co/api/v2/item/43/,healing,medicine
27,sweet-heart,https://pokeapi.co/api/v2/item/567/,healing,medicine
28,ether,https://pokeapi.co/api/v2/item/38/,pp-recovery,medicine
28,max-ether,https://pokeapi.co/api/v2/item/39/,pp-recovery,medicine
28,elixir,https://pokeapi.co/api/v2/item/40/,pp-recovery,medicine
28,max-elixir,https://pokeapi.co/api/v2/item/41/,pp-recovery,medicine
29,revive,https://pokeapi.co/api/v2/item/28/,revival,medicine
29,max-revive,https://pokeapi.co/api/v2/item/29/,revival,medicine
29,revival-herb,https://pokeapi.co/api/v2/item/37/,revival,medicine
29,sacred-ash,https://pokeapi.co/api/v2/item/44/,revival,medicine
30,antidote,https://pokeapi.co/api/v2/item/18/,status-cures,medicine
30,burn-heal,https://pokeapi.co/api/v2/item/19/,status-cures,medicine
30,ice-heal,https://pokeapi.co/api/v2/item/20/,status-cures,medicine
30,awakening,https://pokeapi.co/api/v2/item/21/,status-cures,medicine
30,paralyze-heal,https://pokeapi.co/api/v2/item/22/,status-cures,medicine
30,full-heal,https://pokeapi.co/api/v2/item/27/,status-cures,medicine
30,heal-powder,https://pokeapi.co/api/v2/item/36/,status-cures,medicine
30,lava-cookie,https://pokeapi.co/api/v2/item/42/,status-cures,medicine
30,old-gateau,https://pokeapi.co/api/v2/item/54/,status-cures,medicine
30,casteliacone,https://pokeapi.co/api/v2/item/632/,status-cures,medicine
30,lumiose-galette,https://pokeapi.co/api/v2/item/728/,status-cures,medicine
30,shalour-sable,https://pokeapi.co/api/v2/item/765/,status-cures,medicine
30,big-malasada,https://pokeapi.co/api/v2/item/888/,status-cures,medicine
32,growth-mulch,https://pokeapi.co/api/v2/item/95/,mulch,misc
32,damp-mulch,https://pokeapi.co/api/v2/item/96/,mulch,misc
32,stable-mulch,https://pokeapi.co/api/v2/item/97/,mulch,misc
32,gooey-mulch,https://pokeapi.co/api/v2/item/98/,mulch,misc
32,rich-mulch,https://pokeapi.co/api/v2/item/691/,mulch,misc
32,surprise-mulch,https://pokeapi.co/api/v2/item/692/,mulch,misc
32,boost-mulch,https://pokeapi.co/api/v2/item/693/,mulch,misc
32,amaze-mulch,https://pokeapi.co/api/v2/item/694/,mulch,misc
33,net-ball,https://pokeapi.co/api/v2/item/6/,special-balls,pokeballs
33,dive-ball,https://pokeapi.co/api/v2/item/7/,special-balls,pokeballs
33,nest-ball,https://pokeapi.co/api/v2/item/8/,special-balls,pokeballs
33,repeat-ball,https://pokeapi.co/api/v2/item/9/,special-balls,pokeballs
33,timer-ball,https://pokeapi.co/api/v2/item/10/,special-balls,pokeballs
33,luxury-ball,https://pokeapi.co/api/v2/item/11/,special-balls,pokeballs
33,premier-ball,https://pokeapi.co/api/v2/item/12/,special-balls,pokeballs
33,dusk-ball,https://pokeapi.co/api/v2/item/13/,special-balls,pokeballs
33,heal-ball,https://pokeapi.co/api/v2/item/14/,special-balls,pokeballs
33,quick-ball,https://pokeapi.co/api/v2/item/15/,special-balls,pokeballs
33,cherish-ball,https://pokeapi.co/api/v2/item/16/,special-balls,pokeballs
33,dream-ball,https://pokeapi.co/api/v2/item/617/,special-balls,pokeballs
33,beast-ball,https://pokeapi.co/api/v2/item/887/,special-balls,pokeballs
34,master-ball,https://pokeapi.co/api/v2/item/1/,standard-balls,pokeballs
34,ultra-ball,https://pokeapi.co/api/v2/item/2/,standard-balls,pokeballs
34,great-ball,https://pokeapi.co/api/v2/item/3/,standard-balls,pokeballs
34,poke-ball,https://pokeapi.co/api/v2/item/4/,standard-balls,pokeballs
34,safari-ball,https://pokeapi.co/api/v2/item/5/,standard-balls,pokeballs
34,park-ball,https://pokeapi.co/api/v2/item/456/,standard-balls,pokeballs
34,sport-ball,https://pokeapi.co/api/v2/item/457/,standard-balls,pokeballs
35,honey,https://pokeapi.co/api/v2/item/94/,dex-completion,misc
35,root-fossil,https://pokeapi.co/api/v2/item/99/,dex-completion,misc
35,claw-fossil,https://pokeapi.co/api/v2/item/100/,dex-completion,misc
35,helix-fossil,https://pokeapi.co/api/v2/item/101/,dex-completion,misc
35,dome-fossil,https://pokeapi.co/api/v2/item/102/,dex-completion,misc
35,old-amber,https://pokeapi.co/api/v2/item/103/,dex-completion,misc
35,armor-fossil,https://pokeapi.co/api/v2/item/104/,dex-completion,misc
35,skull-fossil,https://pokeapi.co/api/v2/item/105/,dex-completion,misc
35,odd-keystone,https://pokeapi.co/api/v2/item/111/,dex-completion,misc
35,cover-fossil,https://pokeapi.co/api/v2/item/613/,dex-completion,misc
35,plume-fossil,https://pokeapi.co/api/v2/item/614/,dex-completion,misc
35,jaw-fossil,https://pokeapi.co/api/v2/item/729/,dex-completion,misc
35,sail-fossil,https://pokeapi.co/api/v2/item/730/,dex-completion,misc
36,red-scarf,https://pokeapi.co/api/v2/item/237/,scarves,misc
36,blue-scarf,https://pokeapi.co/api/v2/item/238/,scarves,misc
36,pink-scarf,https://pokeapi.co/api/v2/item/239/,scarves,misc
36,green-scarf,https://pokeapi.co/api/v2/item/240/,scarves,misc
36,yellow-scarf,https://pokeapi.co/api/v2/item/241/,scarves,misc
37,tm01,https://pokeapi.co/api/v2/item/305/,all-machines,machines
37,tm02,https://pokeapi.co/api/v2/item/306/,all-machines,machines
37,tm03,https://pokeapi.co/api/v2/item/307/,all-machines,machines
37,tm04,https://pokeapi.co/api/v2/item/308/,all-machines,machines
37,tm05,https://pokeapi.co/api/v2/item/309/,all-machines,machines
37,tm06,https://pokeapi.co/api/v2/item/310/,all-machines,machines
37,tm07,https://pokeapi.co/api/v2/item/311/,all-machines,machines
37,tm08,https://pokeapi.co/api/v2/item/312/,all-machines,machines
37,tm09,https://pokeapi.co/api/v2/item/313/,all-machines,machines
37,tm10,https://pokeapi.co/api/v2/item/314/,all-machines,machines
37,tm11,https://pokeapi.co/api/v2/item/315/,all-machines,machines
37,tm12,https://pokeapi.co/api/v2/item/316/,all-machines,machines
37,tm13,https://pokeapi.co/api/v2/item/317/,all-machines,machines
37,tm14,https://pokeapi.co/api/v2/item/318/,all-machines,machines
37,tm15,https://pokeapi.co/api/v2/item/319/,all-machines,machines
37,tm16,https://pokeapi.co/api/v2/item/320/,all-machines,machines
37,tm17,https://pokeapi.co/api/v2/item/321/,all-machines,machines
37,tm18,https://pokeapi.co/api/v2/item/322/,all-machines,machines
37,tm19,https://pokeapi.co/api/v2/item/323/,all-machines,machines
37,tm20,https://pokeapi.co/api/v2/item/324/,all-machines,machines
37,tm21,https://pokeapi.co/api/v2/item/325/,all-machines,machines
37,tm22,https://pokeapi.co/api/v2/item/326/,all-machines,machines
37,tm23,https://pokeapi.co/api/v2/item/327/,all-machines,machines
37,tm24,https://pokeapi.co/api/v2/item/328/,all-machines,machines
37,tm25,https://pokeapi.co/api/v2/item/329/,all-machines,machines
37,tm26,https://pokeapi.co/api/v2/item/330/,all-machines,machines
37,tm27,https://pokeapi.co/api/v2/item/331/,all-machines,machines
37,tm28,https://pokeapi.co/api/v2/item/332/,all-machines,machines
37,tm29,https://pokeapi.co/api/v2/item/333/,all-machines,machines
37,tm30,https://pokeapi.co/api/v2/item/334/,all-machines,machines
37,tm31,https://pokeapi.co/api/v2/item/335/,all-machines,machines
37,tm32,https://pokeapi.co/api/v2/item/336/,all-machines,machines
37,tm33,https://pokeapi.co/api/v2/item/337/,all-machines,machines
37,tm34,https://pokeapi.co/api/v2/item/338/,all-machines,machines
37,tm35,https://pokeapi.co/api/v2/item/339/,all-machines,machines
37,tm36,https://pokeapi.co/api/v2/item/340/,all-machines,machines
37,tm37,https://pokeapi.co/api/v2/item/341/,all-machines,machines
37,tm38,https://pokeapi.co/api/v2/item/342/,all-machines,machines
37,tm39,https://pokeapi.co/api/v2/item/343/,all-machines,machines
37,tm40,https://pokeapi.co/api/v2/item/344/,all-machines,machines
37,tm41,https://pokeapi.co/api/v2/item/345/,all-machines,machines
37,tm42,https://pokeapi.co/api/v2/item/346/,all-machines,machines
37,tm43,https://pokeapi.co/api/v2/item/347/,all-machines,machines
37,tm44,https://pokeapi.co/api/v2/item/348/,all-machines,machines
37,tm45,https://pokeapi.co/api/v2/item/349/,all-machines,machines
37,tm46,https://pokeapi.co/api/v2/item/350/,all-machines,machines
37,tm47,https://pokeapi.co/api/v2/item/351/,all-machines,machines
37,tm48,https://pokeapi.co/api/v2/item/352/,all-machines,machines
37,tm49,https://pokeapi.co/api/v2/item/353/,all-machines,machines
37,tm50,https://pokeapi.co/api/v2/item/354/,all-machines,machines
37,tm51,https://pokeapi.co/api/v2/item/355/,all-machines,machines
37,tm52,https://pokeapi.co/api/v2/item/356/,all-machines,machines
37,tm53,https://pokeapi.co/api/v2/item/357/,all-machines,machines
37,tm54,https://pokeapi.co/api/v2/item/358/,all-machines,machines
37,tm55,https://pokeapi.co/api/v2/item/359/,all-machines,machines
37,tm56,https://pokeapi.co/api/v2/item/360/,all-machines,machines
37,tm57,https://pokeapi.co/api/v2/item/361/,all-machines,machines
37,tm58,https://pokeapi.co/api/v2/item/362/,all-machines,machines
37,tm59,https://pokeapi.co/api/v2/item/363/,all-machines,machines
37,tm60,https://pokeapi.co/api/v2/item/364/,all-machines,machines
37,tm61,https://pokeapi.co/api/v2/item/365/,all-machines,machines
37,tm62,https://pokeapi.co/api/v2/item/366/,all-machines,machines
37,tm63,https://pokeapi.co/api/v2/item/367/,all-machines,machines
37,tm64,https://pokeapi.co/api/v2/item/368/,all-machines,machines
37,tm65,https://pokeapi.co/api/v2/item/369/,all-machines,machines
37,tm66,https://pokeapi.co/api/v2/item/370/,all-machines,machines
37,tm67,https://pokeapi.co/api/v2/item/371/,all-machines,machines
37,tm68,https://pokeapi.co/api/v2/item/372/,all-machines,machines
37,tm69,https://pokeapi.co/api/v2/item/373/,all-machines,machines
37,tm70,https://pokeapi.co/api/v2/item/374/,all-machines,machines
37,tm71,https://pokeapi.co/api/v2/item/375/,all-machines,machines
37,tm72,https://pokeapi.co/api/v2/item/376/,all-machines,machines
37,tm73,https://pokeapi.co/api/v2/item/377/,all-machines,machines
37,tm74,https://pokeapi.co/api/v2/item/378/,all-machines,machines
37,tm75,https://pokeapi.co/api/v2/item/379/,all-machines,machines
37,tm76,https://pokeapi.co/api/v2/item/380/,all-machines,machines
37,tm77,https://pokeapi.co/api/v2/item/381/,all-machines,machines
37,tm78,https://pokeapi.co/api/v2/item/382/,all-machines,machines
37,tm79,https://pokeapi.co/api/v2/item/383/,all-machines,machines
37,tm80,https://pokeapi.co/api/v2/item/384/,all-machines,machines
37,tm81,https://pokeapi.co/api/v2/item/385/,all-machines,machines
37,tm82,https://pokeapi.co/api/v2/item/386/,all-machines,machines
37,tm83,https://pokeapi.co/api/v2/item/387/,all-machines,machines
37,tm84,https://pokeapi.co/api/v2/item/388/,all-machines,machines
37,tm85,https://pokeapi.co/api/v2/item/389/,all-machines,machines
37,tm86,https://pokeapi.co/api/v2/item/390/,all-machines,machines
37,tm87,https://pokeapi.co/api/v2/item/391/,all-machines,machines
37,tm88,https://pokeapi.co/api/v2/item/392/,all-machines,machines
37,tm89,https://pokeapi.co/api/v2/item/393/,all-machines,machines
37,tm90,https://pokeapi.co/api/v2/item/394/,all-machines,machines
37,tm91,https://pokeapi.co/api/v2/item/395/,all-machines,machines
37,tm92,https://pokeapi.co/api/v2/item/396/,all-machines,machines
37,hm01,https://pokeapi.co/api/v2/item/397/,all-machines,machines
37,hm02,https://pokeapi.co/api/v2/item/398/,all-machines,machines
37,hm03,https://pokeapi.co/api/v2/item/399/,all-machines,machines
37,hm04,https://pokeapi.co/api/v2/item/400/,all-machines,machines
37,hm05,https://pokeapi.co/api/v2/item/401/,all-machines,machines
37,hm06,https://pokeapi.co/api/v2/item/402/,all-machines,machines
37,hm07,https://pokeapi.co/api/v2/item/403/,all-machines,machines
37,hm08,https://pokeapi.co/api/v2/item/404/,all-machines,machines
37,tm93,https://pokeapi.co/api/v2/item/659/,all-machines,machines
37,tm94,https://pokeapi.co/api/v2/item/660/,all-machines,machines
37,tm95,https://pokeapi.co/api/v2/item/661/,all-machines,machines
37,tm96,https://pokeapi.co/api/v2/item/745/,all-machines,machines
37,tm97,https://pokeapi.co/api/v2/item/746/,all-machines,machines
37,tm98,https://pokeapi.co/api/v2/item/747/,all-machines,machines
37,tm99,https://pokeapi.co/api/v2/item/748/,all-machines,machines
37,tm100,https://pokeapi.co/api/v2/item/749/,all-machines,machines
38,blue-flute,https://pokeapi.co/api/v2/item/65/,flutes,battle
38,yellow-flute,https://pokeapi.co/api/v2/item/66/,flutes,battle
38,red-flute,https://pokeapi.co/api/v2/item/67/,flutes,battle
39,lure-ball,https://pokeapi.co/api/v2/item/449/,apricorn-balls,pokeballs
39,level-ball,https://pokeapi.co/api/v2/item/450/,apricorn-balls,pokeballs
39,moon-ball,https://pokeapi.co/api/v2/item/451/,apricorn-balls,pokeballs
39,heavy-ball,https://pokeapi.co/api/v2/item/452/,apricorn-balls,pokeballs
39,fast-ball,https://pokeapi.co/api/v2/item/453/,apricorn-balls,pokeballs
39,friend-ball,https://pokeapi.co/api/v2/item/454/,apricorn-balls,pokeballs
39,love-ball,https://pokeapi.co/api/v2/item/455/,apricorn-balls,pokeballs
40,red-apricorn,https://pokeapi.co/api/v2/item/458/,apricorn-box,key
40,blue-apricorn,https://pokeapi.co/api/v2/item/459/,apricorn-box,key
40,yellow-apricorn,https://pokeapi.co/api/v2/item/460/,apricorn-box,key
40,green-apricorn,https://pokeapi.co/api/v2/item/461/,apricorn-box,key
40,pink-apricorn,https://pokeapi.co/api/v2/item/462/,apricorn-box,key
40,white-apricorn,https://pokeapi.co/api/v2/item/463/,apricorn-box,key
40,black-apricorn,https://pokeapi.co/api/v2/item/464/,apricorn-box,key
41,data-card-01,https://pokeapi.co/api/v2/item/486/,data-cards,key
41,data-card-02,https://pokeapi.co/api/v2/item/487/,data-cards,key
41,data-card-03,https://pokeapi.co/api/v2/item/488/,data-cards,key
41,data-card-04,https://pokeapi.co/api/v2/item/489/,data-cards,key
41,data-card-05,https://pokeapi.co/api/v2/item/490/,data-cards,key
41,data-card-06,https://pokeapi.co/api/v2/item/491/,data-cards,key
41,data-card-07,https://pokeapi.co/api/v2/item/492/,data-cards,key
41,data-card-08,https://pokeapi.co/api/v2/item/493/,data-cards,key
41,data-card-09,https://pokeapi.co/api/v2/item/494/,data-cards,key
41,data-card-10,https://pokeapi.co/api/v2/item/495/,data-cards,key
41,data-card-11,https://pokeapi.co/api/v2/item/496/,data-cards,key
41,data-card-12,https://pokeapi.co/api/v2/item/497/,data-cards,key
41,data-card-13,https://pokeapi.co/api/v2/item/498/,data-cards,key
41,data-card-14,https://pokeapi.co/api/v2/item/499/,data-cards,key
41,data-card-15,https://pokeapi.co/api/v2/item/500/,data-cards,key
41,data-card-16,https://pokeapi.co/api/v2/item/501/,data-cards,key
41,data-card-17,https://pokeapi.co/api/v2/item/502/,data-cards,key
41,data-card-18,https://pokeapi.co/api/v2/item/503/,data-cards,key
41,data-card-19,https://pokeapi.co/api/v2/item/504/,data-cards,key
41,data-card-20,https://pokeapi.co/api/v2/item/505/,data-cards,key
41,data-card-21,https://pokeapi.co/api/v2/item/506/,data-cards,key
41,data-card-22,https://pokeapi.co/api/v2/item/507/,data-cards,key
41,data-card-23,https://pokeapi.co/api/v2/item/508/,data-cards,key
41,data-card-24,https://pokeapi.co/api/v2/item/509/,data-cards,key
41,data-card-25,https://pokeapi.co/api/v2/item/510/,data-cards,key
41,data-card-26,https://pokeapi.co/api/v2/item/511/,data-cards,key
41,data-card-27,https://pokeapi.co/api/v2/item/512/,data-cards,key
42,fire-gem,https://pokeapi.co/api/v2/item/591/,jewels,misc
42,water-gem,https://pokeapi.co/api/v2/item/592/,jewels,misc
42,electric-gem,https://pokeapi.co/api/v2/item/593/,jewels,misc
42,grass-gem,https://pokeapi.co/api/v2/item/594/,jewels,misc
42,ice-gem,https://pokeapi.co/api/v2/item/595/,jewels,misc
42,fighting-gem,https://pokeapi.co/api/v2/item/596/,jewels,misc
42,poison-gem,https://pokeapi.co/api/v2/item/597/,jewels,misc
42,ground-gem,https://pokeapi.co/api/v2/item/598/,jewels,misc
42,flying-gem,https://pokeapi.co/api/v2/item/599/,jewels,misc
42,psychic-gem,https://pokeapi.co/api/v2/item/600/,jewels,misc
42,bug-gem,https://pokeapi.co/api/v2/item/601/,jewels,misc
42,rock-gem,https://pokeapi.co/api/v2/item/602/,jewels,misc
42,ghost-gem,https://pokeapi.co/api/v2/item/603/,jewels,misc
42,dark-gem,https://pokeapi.co/api/v2/item/604/,jewels,misc
42,steel-gem,https://pokeapi.co/api/v2/item/605/,jewels,misc
42,dragon-gem,https://pokeapi.co/api/v2/item/668/,jewels,misc
42,normal-gem,https://pokeapi.co/api/v2/item/669/,jewels,misc
42,fairy-gem,https://pokeapi.co/api/v2/item/731/,jewels,misc
43,dire-hit-2,https://pokeapi.co/api/v2/item/633/,miracle-shooter,battle
43,x-speed-2,https://pokeapi.co/api/v2/item/634/,miracle-shooter,battle
43,x-sp-atk-2,https://pokeapi.co/api/v2/item/635/,miracle-shooter,battle
43,x-sp-def-2,https://pokeapi.co/api/v2/item/636/,miracle-shooter,battle
43,x-defense-2,https://pokeapi.co/api/v2/item/637/,miracle-shooter,battle
43,x-attack-2,https://pokeapi.co/api/v2/item/638/,miracle-shooter,battle
43,x-accuracy-2,https://pokeapi.co/api/v2/item/639/,miracle-shooter,battle
43,x-speed-3,https://pokeapi.co/api/v2/item/640/,miracle-shooter,battle
43,x-sp-atk-3,https://pokeapi.co/api/v2/item/641/,miracle-shooter,battle
43,x-sp-def-3,https://pokeapi.co/api/v2/item/642/,miracle-shooter,battle
43,x-defense-3,https://pokeapi.co/api/v2/item/643/,miracle-shooter,battle
43,x-attack-3,https://pokeapi.co/api/v2/item/644/,miracle-shooter,battle
43,x-accuracy-3,https://pokeapi.co/api/v2/item/645/,miracle-shooter,battle
43,x-speed-6,https://pokeapi.co/api/v2/item/646/,miracle-shooter,battle
43,x-sp-atk-6,https://pokeapi.co/api/v2/item/647/,miracle-shooter,battle
43,x-sp-def-6,https://pokeapi.co/api/v2/item/648/,miracle-shooter,battle
43,x-defense-6,https://pokeapi.co/api/v2/item/649/,miracle-shooter,battle
43,x-attack-6,https://pokeapi.co/api/v2/item/650/,miracle-shooter,battle
43,x-accuracy-6,https://pokeapi.co/api/v2/item/651/,miracle-shooter,battle
43,ability-urge,https://pokeapi.co/api/v2/item/652/,miracle-shooter,battle
43,item-drop,https://pokeapi.co/api/v2/item/653/,miracle-shooter,battle
43,item-urge,https://pokeapi.co/api/v2/item/654/,miracle-shooter,battle
43,reset-urge,https://pokeapi.co/api/v2/item/655/,miracle-shooter,battle
43,dire-hit-3,https://pokeapi.co/api/v2/item/656/,miracle-shooter,battle
44,gengarite,https://pokeapi.co/api/v2/item/695/,mega-stones,misc
44,gardevoirite,https://pokeapi.co/api/v2/item/696/,mega-stones,misc
44,ampharosite,https://pokeapi.co/api/v2/item/697/,mega-stones,misc
44,venusaurite,https://pokeapi.co/api/v2/item/698/,mega-stones,misc
44,charizardite-x,https://pokeapi.co/api/v2/item/699/,mega-stones,misc
44,blastoisinite,https://pokeapi.co/api/v2/item/700/,mega-stones,misc
44,mewtwonite-x,https://pokeapi.co/api/v2/item/701/,mega-stones,misc
44,mewtwonite-y,https://pokeapi.co/api/v2/item/702/,mega-stones,misc
44,blazikenite,https://pokeapi.co/api/v2/item/703/,mega-stones,misc
44,medichamite,https://pokeapi.co/api/v2/item/704/,mega-stones,misc
44,houndoominite,https://pokeapi.co/api/v2/item/705/,mega-stones,misc
44,aggronite,https://pokeapi.co/api/v2/item/706/,mega-stones,misc
44,banettite,https://pokeapi.co/api/v2/item/707/,mega-stones,misc
44,tyranitarite,https://pokeapi.co/api/v2/item/708/,mega-stones,misc
44,scizorite,https://pokeapi.co/api/v2/item/709/,mega-stones,misc
44,pinsirite,https://pokeapi.co/api/v2/item/710/,mega-stones,misc
44,aerodactylite,https://pokeapi.co/api/v2/item/711/,mega-stones,misc
44,lucarionite,https://pokeapi.co/api/v2/item/712/,mega-stones,misc
44,abomasite,https://pokeapi.co/api/v2/item/713/,mega-stones,misc
44,kangaskhanite,https://pokeapi.co/api/v2/item/714/,mega-stones,misc
44,gyaradosite,https://pokeapi.co/api/v2/item/715/,mega-stones,misc
44,absolite,https://pokeapi.co/api/v2/item/716/,mega-stones,misc
44,charizardite-y,https://pokeapi.co/api/v2/item/717/,mega-stones,misc
44,alakazite,https://pokeapi.co/api/v2/item/718/,mega-stones,misc
44,heracronite,https://pokeapi.co/api/v2/item/719/,mega-stones,misc
44,mawilite,https://pokeapi.co/api/v2/item/720/,mega-stones,misc
44,manectite,https://pokeapi.co/api/v2/item/721/,mega-stones,misc
44,garchompite,https://pokeapi.co/api/v2/item/722/,mega-stones,misc
44,latiasite,https://pokeapi.co/api/v2/item/760/,mega-stones,misc
44,latiosite,https://pokeapi.co/api/v2/item/761/,mega-stones,misc
44,swampertite,https://pokeapi.co/api/v2/item/793/,mega-stones,misc
44,sceptilite,https://pokeapi.co/api/v2/item/794/,mega-stones,misc
44,sablenite,https://pokeapi.co/api/v2/item/795/,mega-stones,misc
44,altarianite,https://pokeapi.co/api/v2/item/796/,mega-stones,misc
44,galladite,https://pokeapi.co/api/v2/item/797/,mega-stones,misc
44,audinite,https://pokeapi.co/api/v2/item/798/,mega-stones,misc
44,metagrossite,https://pokeapi.co/api/v2/item/799/,mega-stones,misc
44,sharpedonite,https://pokeapi.co/api/v2/item/800/,mega-stones,misc
44,slowbronite,https://pokeapi.co/api/v2/item/801/,mega-stones,misc
44,steelixite,https://pokeapi.co/api/v2/item/802/,mega-stones,misc
44,pidgeotite,https://pokeapi.co/api/v2/item/803/,mega-stones,misc
44,glalitite,https://pokeapi.co/api/v2/item/804/,mega-stones,misc
44,diancite,https://pokeapi.co/api/v2/item/805/,mega-stones,misc
44,cameruptite,https://pokeapi.co/api/v2/item/808/,mega-stones,misc
44,lopunnite,https://pokeapi.co/api/v2/item/809/,mega-stones,misc
44,salamencite,https://pokeapi.co/api/v2/item/810/,mega-stones,misc
44,beedrillite,https://pokeapi.co/api/v2/item/811/,mega-stones,misc
45,fighting-memory,https://pokeapi.co/api/v2/item/902/,memories,misc
45,flying-memory,https://pokeapi.co/api/v2/item/903/,memories,misc
45,poison-memory,https://pokeapi.co/api/v2/item/904/,memories,misc
45,ground-memory,https://pokeapi.co/api/v2/item/905/,memories,misc
45,rock-memory,https://pokeapi.co/api/v2/item/906/,memories,misc
45,bug-memory,https://pokeapi.co/api/v2/item/907/,memories,misc
45,ghost-memory,https://pokeapi.co/api/v2/item/908/,memories,misc
45,steel-memory,https://pokeapi.co/api/v2/item/909/,memories,misc
45,fire-memory,https://pokeapi.co/api/v2/item/910/,memories,misc
45,water-memory,https://pokeapi.co/api/v2/item/911/,memories,misc
45,grass-memory,https://pokeapi.co/api/v2/item/912/,memories,misc
45,electric-memory,https://pokeapi.co/api/v2/item/913/,memories,misc
45,psychic-memory,https://pokeapi.co/api/v2/item/914/,memories,misc
45,ice-memory,https://pokeapi.co/api/v2/item/915/,memories,misc
45,dragon-memory,https://pokeapi.co/api/v2/item/916/,memories,misc
45,dark-memory,https://pokeapi.co/api/v2/item/917/,memories,misc
45,fairy-memory,https://pokeapi.co/api/v2/item/918/,memories,misc
46,normalium-z--held,https://pokeapi.co/api/v2/item/817/,z-crystals,key
46,firium-z--held,https://pokeapi.co/api/v2/item/818/,z-crystals,key
46,waterium-z--held,https://pokeapi.co/api/v2/item/819/,z-crystals,key
46,electrium-z--held,https://pokeapi.co/api/v2/item/820/,z-crystals,key
46,grassium-z--held,https://pokeapi.co/api/v2/item/821/,z-crystals,key
46,icium-z--held,https://pokeapi.co/api/v2/item/822/,z-crystals,key
46,fightinium-z--held,https://pokeapi.co/api/v2/item/823/,z-crystals,key
46,poisonium-z--held,https://pokeapi.co/api/v2/item/824/,z-crystals,key
46,groundium-z--held,https://pokeapi.co/api/v2/item/825/,z-crystals,key
46,flyinium-z--held,https://pokeapi.co/api/v2/item/826/,z-crystals,key
46,psychium-z--held,https://pokeapi.co/api/v2/item/827/,z-crystals,key
46,buginium-z--held,https://pokeapi.co/api/v2/item/828/,z-crystals,key
46,rockium-z--held,https://pokeapi.co/api/v2/item/829/,z-crystals,key
46,ghostium-z--held,https://pokeapi.co/api/v2/item/830/,z-crystals,key
46,dragonium-z--held,https://pokeapi.co/api/v2/item/831/,z-crystals,key
46,darkinium-z--held,https://pokeapi.co/api/v2/item/832/,z-crystals,key
46,steelium-z--held,https://pokeapi.co/api/v2/item/833/,z-crystals,key
46,fairium-z--held,https://pokeapi.co/api/v2/item/834/,z-crystals,key
46,pikanium-z--held,https://pokeapi.co/api/v2/item/835/,z-crystals,key
46,decidium-z--held,https://pokeapi.co/api/v2/item/839/,z-crystals,key
46,incinium-z--held,https://pokeapi.co/api/v2/item/840/,z-crystals,key
46,primarium-z--held,https://pokeapi.co/api/v2/item/841/,z-crystals,key
46,tapunium-z--held,https://pokeapi.co/api/v2/item/842/,z-crystals,key
46,marshadium-z--held,https://pokeapi.co/api/v2/item/843/,z-crystals,key
46,aloraichium-z--held,https://pokeapi.co/api/v2/item/844/,z-crystals,key
46,snorlium-z--held,https://pokeapi.co/api/v2/item/845/,z-crystals,key
46,eevium-z--held,https://pokeapi.co/api/v2/item/846/,z-crystals,key
46,mewnium-z--held,https://pokeapi.co/api/v2/item/847/,z-crystals,key
46,pikashunium-z--held,https://pokeapi.co/api/v2/item/877/,z-crystals,key
